SKU,Title,Price,Compare-at Price,pdp_ availability,pdp_freeshippingitem,pdp_vendor_part_no,new compare
"=""OL186GFETLCFK""",Olympic Kilns 186Gfetlc Furniture Kit,146.00,195.00,,false,186GFETLCFK,215.00
"=""OLBFEC""",Electronic Controller - Bo&Fl,1485.00,,,true,OLBFEC,
"=""OLECBR20""",Oval 20 - Blank Ring,420.00,,,true,OLECBR20,480.00
"=""OLECBR25""",Oval 25 - Blank Ring,505.00,,,true,OLECBR25,560.00
"=""OLECBR30""",Oval 30 - Blank Ring,560.00,,,true,OLECBR30,625.00
"=""OLHBP""",Pyrometer For Hot Box,280.00,,,true,OLHBP,275.00
"=""OLHS21""","olympic 21"" x 1/2 shelf",59.00,,,false,,65.00
"=""OLIRTS1823""",Ignit Ring & Thermo Tb-18&23'S,465.00,,,false,OLIRTS1823,
"=""OLIRTS28""",Ignit. Ring & Thermo. Tb-28'S,540.00,,,false,OLIRTS28,
"=""OLTBBR18""",Torch Bearer 18 - Blank Ring,270.00,,,false,OLTBBR18,
"=""OLTBBR23""",Torch Bearer 23 - Blank Ring,310.00,,,false,OLTBBR23,
"=""OLTBBR28""",Torch Bearer 28 - Blank Ring,430.00,,,false,OLTBBR28,
"=""OES""",Olympic Electro Sitter To Replace Dawson Kiln Sitters,1155.00,,,true,ELECTRO SITTER,1250.00
"=""OL1214120""","Olympic 1214-120: Cone 4,  120 Volt Electric Kiln w/3 Key",1849.00,1905.00,12 to 15 Weeks,true,OL1214120,1965.00
"=""OL1214ERAKU""",Olympic 1214 Electric Raku Kiln With 12 key Controller,2199.00,2475.00,12 to 15 Weeks,true,OL1214ERAKU,2800.00
"=""OL129""","Olympic 129: Cone 6, Top Loading 120 Volt Electric Kiln with Genesis Spark",1509.00,1650.00,12 to 15 Weeks,true,OL129,1785.00
"=""OL1414HE""",Olympic 1414HE Kiln with 3 Key Controller,1749.00,1935.00,12 to 15 Weeks,true,F1414HE,2200.00
"=""OL146GFETLC""",Olympic Kilns - 146Gfetlc 120V Glass Fusing Kiln,1915.00,2090.00,12 to 15 Weeks,true,OL146GFETLC,2300.00
"=""OL146GFETLCFK""",Olympic Kilns 146Gfetlc Furniture Kit,120.00,,8-12 weeks,false,OL146GFETLCFK,185.00
"=""OL1818""",Olympic 1818 Stackable Electric Kiln With KilnStar Controller : 2.63 Cu. Ft Cone 8,2349.00,2475.00,12 to 15 Weeks,true,OL1818,2775.00
"=""OL1818H""",Olympic 1818H Stackable Electric Kiln With 12 Key Controller,2437.00,2650.00,12 to 15 Weeks,true,OL1818H,2925.00
"=""OL1823""",Olympic 1823 Stackable Electric Kiln With 12 key Controller  Cone 8,2599.00,2900.00,12 to 15 Weeks,true,OL1823,3200.00
"=""OL1823ERAKU""",Olympic 1823 Electric Raku Kiln With 12 key Controller,2999.00,3395.00,12 to 15 Weeks,true,OL1823ERAKU,3750.00
"=""OL1823H""",Olympic 1823H Stackable Electric Kiln With KilnStar Controller : 3.29 Cu. Ft:  Cone 10,2679.00,3045.00,12 to 15 Weeks,true,OL1823H,3350.00
"=""OL1827""",Olympic 1827 Stackable Electric Kiln,2785.00,3080.00,12 to 15 Weeks,true,OL1827,3390.00
"=""OL1827G""",Olympic 1827-Torch Bearer Kiln / Natural Gas Or Propane With Burners And Ignition Ring,2419.00,2695.00,12 to 15 Weeks,true,OL1827G,3000.00
"=""OL1827H""",Olympic 1827H Stackable Electric Kiln  3.95 Cu. Ft:  Cone 10,2899.00,3290.00,12 to 15 Weeks,true,OL1827H,3625.00
"=""OL186GFETLC""",Olympic Kilns 186GFETLC Kiln,2629.00,2970.00,12 to 15 Weeks,true,OL186GFETLC,3295.00
"=""OL18RAKU""","Olympic 18"" Raku Kiln /Natural Gas Or Propane With Burners And Ignition Ring",2769.00,3095.00,8-12 weeks,true,OL18RAKU,3500.00
"=""OL2318""",Olympic 2318 Stackable Electric Digital Kiln 4.7 Cu. Ft:  Cone 8,3219.00,3570.00,12 to 15 Weeks,true,OL2318,3925.00
"=""OL2318H""",Olympic 2318H Stackable Electric Kiln With KilnStar Controller : 4.7 Cu. Ft:  Cone 10,3249.00,3635.00,12 to 15 Weeks,true,OL2318H,4000.00
"=""OL2323""",Olympic 2323 Stackable Digital Electric Kiln 5.83 Cu. Ft:  Cone 4,3260.00,3480.00,12 to 15 Weeks,true,OL2323,
"=""OL2323H""",Olympic 2323H Stackable Electric Kiln With KilnStar Controller : 5.83 Cu. Ft:  Cone 10,3689.00,4190.00,12 to 15 Weeks,true,2323H,4610.00
"=""OL2327""",Olympic 2327 Stackable Electric Kiln With KilnStar Controller : 7 Cu. Ft:  Cone 8,3759.00,4190.00,12 to 15 Weeks,true,OL2327,4835.00
"=""OL2327G""",2327-Olympic Torch Bearer Kiln /Natural Gas Or Propane With Burners And Ignition Ring,3169.00,3500.00,8-12 weeks,true,OL2327G,4000.00
"=""OL2327H""",Olympic 2327H Stackable Electric Kiln 7 Cu. Ft  Cone 10,3969.00,4575.00,12 to 15 Weeks,true,2327HE,5100.00
"=""OL2331G""",2331-Olympic Torch Bearer Kiln /Natural Gas Or Propane With Burners And Ignition Ring,3399.00,3750.00,8-12 weeks,true,OL2331G,4250.00
"=""OL2331H""",Olympic 2331H Stackable Electric Kiln With KilnStar Controller : 8.17 Cu. Ft:  Cone 10,4199.00,4800.00,12 to 15 Weeks,true,OL2331H,5300.00
"=""OL23RAKU""","Olympic 23"" Raku Kiln /Natural Gas Or Propane With Burners And Ignition Ring",3859.00,4410.00,8-12 weeks,true,23RAKU-G,5000.00
"=""OL2818H""",Olympic 2818H Stackable Electric Kiln With KilnStar Controller : 6.67 Cu. Ft:  Cone 10,3949.00,4410.00,12 to 15 Weeks,true,OL2818H,4850.00
"=""OL2823H""",Olympic 2823H Stackable Electric Kiln With KilnStar Controller : 8.34 Cu. Ft:  Cone 10,4239.00,4785.00,12 to 15 Weeks,true,OL2823H,5270.00
"=""OL2827G""",2827-Olympic Torch Bearer Kiln / Natural Gas Or Propane With Burners And Ignition Ring,4129.00,4615.00,8-12 weeks,true,OL2827G,5200.00
"=""OL2827H""",Olympic 2827H Stackable Digital Electric Kiln 10 Cu. Ft:  Cone 10,4629.00,5240.00,12 to 15 Weeks,true,OL2827H,5870.00
"=""OL2831G""",2831-Olympic Torch Bearer Kiln Natural Gas  or Propane,4399.00,4935.00,8-12 weeks,true,OL2831G,5450.00
"=""OL2831H""",Olympic 2831H Digital Stackable Electric Kiln 11.67 Cu. Ft:  Cone 10,5079.00,5845.00,12 to 15 Weeks,true,OL2831H,6450.00
"=""OL28RAKU""","Olympic 28"" Raku Kiln / Natural Gas Or Propane With Burners And Ignition Ring",4879.00,5650.00,8-12 weeks,true,OL28RAKU,6500.00
"=""OLCHAMP""",Olympic Champ Glass Kiln,1299.00,1440.00,8-12 weeks,true,OLCHAMP,1585.00
"=""OLCHAMPXL""",Olympic Champ Xl Glass Kiln,1389.00,1555.00,16-22 weeks,true,OLCHAMPXL,1725.00
"=""OLDD12""",Olympic Kilns DD12  Downdraft Kiln Gas Or Propane,11130.00,,16-22 weeks,true,OLDD12,12300.00
"=""OLDD14""",Olympic Kiln DD14 - Downdraft Kiln Gas Or Propane,13030.00,,16-22 weeks,true,OLDD14,14500.00
"=""OLDD17""",Olympic Kiln DD17 - Downdraft Kiln Gas Or Propane,14905.00,,16-22 weeks,true,OLDD17,16500.00
"=""OLDD20""",Olympic Kiln DD20 - Downdraft Kiln Gas Or Propane,17820.00,,16-22 weeks,true,OLDD20,19950.00
"=""OLDD24""",Olympic Kilns DD24 - Downdraft Kiln Gas Or Propane,20500.00,,16-22 weeks,true,OLDD24,22550.00
"=""OLDD30""",Olympic Kilns DD30 - Downdraft Kiln Gas Or Propane,22990.00,,16-22 weeks,true,OLDD30,25500.00
"=""OLDD40""",Olympic Kilns DD40-Downdraft Kiln Gas Or Propane,28130.00,,16-22 weeks,true,OLDD40,30975.00
"=""OLDD9""",Olympic Kilns DD9-Downdraft Kiln Gas Or Propane,10650.00,,16-22 weeks,true,OLDD9,11800.00
"=""OLDDBB""",Blower Burner For Olympic Downdraft Kilns,1727.00,,,true,OLDDBB,1425.00
"=""OLDDDP10""","Digital Pyrometer For Olympic Gas Kilns - w/10"" Thermocouple",290.00,,,true,"Downdraft Pyrometer 10""",300.00
"=""OLDDEC""",120V/20A Electronic High Limit Shut Off  Including Valve For Olympic Gas Kilns,1452.00,,,true,OLDDEC,1600.00
"=""OLDDGH""",Galvanized Steel Hood For Olympic Downdraft Kilns,1865.00,,,true,OLDDGH,1700.00
"=""OLDDSH""",Stainless Steel Hood For Olympic Downdraft Kilns,2100.00,,,true,OLDDSH,1800.00
"=""OLDM1818HE""",Olympic Dual Media Kiln 1818He: 2.63 Cu. Ft. : Cone 10 With Rtc-1000 Digital Controller,2799.00,3190.00,8-12 weeks,true,OLDM1818HE,3510.00
"=""OLDM1823HE""",Olympic Dual Media Kiln 1823HE: 3.29 Cu. Ft. : Cone 10,3099.00,3660.00,12-15 weeks,true,OLDM1823HE,3925.00
"=""OLDM2318HE""",Olympic Dual Media Kiln 2318He: 4.7 Cu. Ft. : Cone 10 With Rtc-1000 Digital Controller,3649.00,4205.00,8-12 weeks,true,DM2318HE,4625.00
"=""OLDM2323HE""",Olympic Dual Media Kiln 2323He: 5.83 Cu. Ft. : Cone 10 With Rtc-1000 Digital Controller,4079.00,4710.00,8-12 weeks,true,OLDM2323HE,5185.00
"=""OLDM2327HE""",Olympic Dual Media Kiln 2327He: 7 Cu. Ft.  Cone 10 Digital,4299.00,5025.00,8-12 weeks,true,OLDM2327HE,5530.00
"=""OLDM2523HE""",Olympic Dual Media Kiln 2523He Oval: 10 Cu. Ft. : Cone 10 With Rtc-1000 Digital Controller (3018 Shown),5435.00,6180.00,8-12 weeks,true,DM2523HE,6800.00
"=""OLDM2818HE""",Olympic Dual Media Kiln 2818He: 6.67 Cu. Ft. : Cone 10 With Rtc-1000 Digital Controller,4349.00,4950.00,8-12 weeks,true,DM2818HE,5450.00
"=""OLDM2823HE""",Olympic Dual Media Kiln 2823He: 8.34 Cu. Ft. : Cone 10 With Rtc-1000 Digital Controller,4749.00,5440.00,8-12 weeks,true,OLDM2823HE,5985.00
"=""OLDM2827HE""",Olympic Dual Media Kiln 2827He: 10 Cu. Ft. : Cone 10 With Rtc-1000 Digital Controller (2823 Shown),5019.00,5835.00,8-12 weeks,true,DM2827HE,6425.00
"=""OLDM3018HE""",Olympic Dual Media Kiln 3018HE,5849.00,6820.00,8-12 weeks,true,OLDM3018HE,7505.00
"=""OLDM3023HE""",Olympic Dual Media Kiln 3023He Oval: 14.9 Cu. Ft. : Cone 10 With Rtc-1000 Digital Controller (3018 Shown),6279.00,7310.00,8-12 weeks,true,OLDM3023HE,8050.00
"=""OLDP""","Olympic Digital Pyrometer with two 6"" Type K thermocouples",280.00,,,true,DP,275.00
"=""OLF1414HE""","Olympic Freedom 1414He Kiln Package: Cone 10, Electronic Control With Vent, Furniture Kit And More",2695.00,3190.00,8-12 weeks,true,F1414HE,3510.00
"=""OLF1823HE""",Olympic Freedom 1823He Kiln Package: Cone 10 Package,3759.00,4449.00,8-12 weeks,true,OLF1823HE,5000.00
"=""OLF2323HE""","Olympic Freedom 2323He Kiln Package With Vent, Furniture Kit And More",4519.00,5325.00,8-12 weeks,true,F2323HE,5860.00
"=""OLF2327HE""","Olympic Freedom 2327He Kiln Package: With Vent, Furniture Kit And More!",5279.00,6320.00,8-12 weeks,true,OLF2327HE,6950.00
"=""OLF2527HE""","Olympic Freedom 2527He Kiln Package: with Vent, Furniture Kit and More!",6199.00,7510.00,8-12 weeks,true,F2527HE,8275.00
"=""OLF2823HE""","Olympic Freedom 2823He Kiln Package: with Vent, Furniture Kit and More!",5660.00,6680.00,8-12 weeks,true,OLF2823HE,7350.00
"=""OLF2827HE""","Olympic Freedom 2827HE Kiln Package: Cone 10, Electronic Control With Vent, Furniture Kit And More!",6119.00,7230.00,8-12 weeks,true,OLF2827HE,7950.00
"=""OLFL12""",Olympic FL-12 Front Loading Kiln,9199.00,10260.00,14-16 Weeks,true,FL12E,11300.00
"=""OLFL17""",Olympic FL-17 Front Loading Kiln,11499.00,12410.00,14-16 Weeks,true,FL17E,13675.00
"=""OLFL20""",Olympic FL-20 Front Loading Kiln,12699.00,14190.00,14-16 Weeks,true,FL20E,15625.00
"=""OLFL24""",Olympic FL-24 Front Loading Kiln,14899.00,16635.00,14-16 Weeks,true,FL24E,18300.00
"=""OLFL27""",Olympic FL-27 Front Loading Kiln,16999.00,18570.00,14-16 Weeks,true, FL27E,20500.00
"=""OLFL31""",Olympic FL-31 Front Loading Kiln,19099.00,21335.00,14-16 Weeks,true, FL31E,23500.00
"=""OLFL53""",Olympic FL-53 Front Loading Kiln,26899.00,29960.00,14-16 Weeks,true,FL53E  ,33000.00
"=""OLFL55""",Olympic FL-5.5 Front Loading Kiln,7059.00,8030.00,14-16 Weeks,true,FL55E,8550.00
"=""OLFL8""",Olympic FL-8 Front Loading Kiln,7899.00,8845.00,14-16 Weeks,true,FL8E,9775.00
"=""OLGF2ETLC""",Olympic Kilns GF2ETLC Glass Fusing Kiln,3019.00,3500.00,8-12 Weeks,true,OL146GFETLC,3950.00
"=""OLGF3ETLC""",Olympic GF3ETLC Glass Fusing Kiln,3239.00,3860.00,8-12 Weeks,true,GF3ETLC,4250.00
"=""OLHB""","Olympic Hotbox : Cone 10, Top Loading 120 Volt Electric Kiln  with Genesis Spark",1149.00,1240.00,12 to 15 Weeks,true,OLHB,1365.00
"=""OLHB64""","Olympic HB64 : Cone 10, Top Loading 120 Volt Electric Kiln  w/3 Key",1049.00,1120.00,8-12 Weeks,true,OLHB64,1235.00
"=""OLHB84""","Olympic HB84 : Cone 10, Top Loading 120 Volt Electric Kiln  with Genesis Spark Controller",1189.00,1285.00,12 to 15 Weeks,true,OLHB84,1525.00
"=""OLHB86""","Olympic HB86 : Cone 10, Top Loading 120 Volt Electric Kiln  Genesis Spark",1209.00,1315.00,12 to 15 Weeks,true,OLHB86,1450.00
"=""OLHB86V""",Olympic HB86P Vitrigraph Kiln,1449.00,1620.00,8-12 Weeks,true,OLHB86,1700.00
"=""OLHB89""","Olympic HB89 : Cone 10, Top Loading 120 Volt Electric Kiln  with Genesis Spark Controller",1329.00,1460.00,12 to 15 Weeks,true,HB89,1600.00
"=""OLHBFK""",Furniture Kit For Olympic Hotbox Kiln,82.00,,,false,OLHBFK,100.00
"=""OLHLC""",Olympic Kilns Optional High Limit Controller for Gas Kilns,1399.00,,Approximately 22-28 Weeks,true,OLHLC,1600.00
"=""OLMAS1818HE""",Olympic Medallion Artist Series Mas1818He : 2.63 Cu. Ft Cone 10: 12Key Electronic Controller,2139.00,2465.00,12 to 15 Weeks,true,OLMAS1818HE,2725.00
"=""OLMAS1823HE""",Olympic Medallion Artist Series Mas1823He : 3.29 Cu. Ft Cone 10: 12Key Electronic Controller,2249.00,2600.00,12 to 15 Weeks,true,OLMAS1823HE,2850.00
"=""OLMAS2323HE""",Olympic Medallion Artist Series Mas2323He : 5.83 Cu. Ft Cone 10: 12Key Electronic Controller,2999.00,3565.00,12 to 15 Weeks,true,OLMAS2323HE,3925.00
"=""OLMAS2327HE""",Olympic Medallion Artist Series Mas2327He : 7 Cu. Ft Cone 10: 12 Key Electronic Controller,3329.00,4035.00,12 to 15 Weeks,true,OLMAS2327HE,4450.00
"=""OLMAS2823HE""",Olympic Medallion Artist Series Mas2823He : 8.34 Cu. Ft Cone 10: 12Key Electronic Controller,3719.00,4495.00,12 to 15 Weeks,true,OLMAS2323HE,4950.00
"=""OLMAS2827HE""",Olympic Medallion Artist Series Mas2827He :10 Cu. Ft Cone 10: 12Key Electronic Controller,3989.00,4790.00,12 to 15 Weeks,true,MAS2827HE,5300.00
"=""OLO2018H""",Olympic Oval Kiln : 2018H With KilnStar Controller,4035.00,4380.00,12 to 15 Weeks,true,OLO2018H,4825.00
"=""OLO2023H""",Olympic Oval Kiln : 2023H With KilnStar Controller,4689.00,5330.00,12 to 15 Weeks,true,OLO2023H,5270.00
"=""OLO2027H""",Olympic Oval Kiln : 2027H With KilnStar Controller,4329.00,4845.00,12 to 15 Weeks,true,OLO2027H,5875.00
"=""OLO2518H""",Olympic Oval Kiln : 2518H With KilnStar Controller,4469.00,5035.00,12 to 15 Weeks,true,OLO2518H,5550.00
"=""OLO2523H""",Olympic Oval Kiln : 2523H With KilnStar Controller,4979.00,5710.00,12 to 15 Weeks,true,OLO2523H,6300.00
"=""OLO2527H""",Olympic Oval Kiln : 2527H With KilnStar Controller,5419.00,6300.00,12 to 15 Weeks,true,OLO2527H,6950.00
"=""OLO2531H""",Olympic Oval Kiln : 2531H With KilnStar Controller,5890.00,6920.00,12 to 15 Weeks,true,OLO2531H,7625.00
"=""OLO3018H""",Olympic Oval Kiln : 3018H With KilnStar Controller,5469.00,6330.00,12 to 15 Weeks,true,OLO3018H,7200.00
"=""OLO3023H""",Olympic Oval Kiln : 3023H With KilnStar Controller,5859.00,6820.00,12 to 15 Weeks,true,OLO3023H,7700.00
"=""OLO3027H""",Olympic Oval Kiln : 3027H With KilnStar Electronic Controller,6439.00,7590.00,12 to 15 Weeks,true,3027H,8500.00
"=""OLO3031H""",Olympic Oval Kiln : 3031H With KilnStar Controller,6915.00,8220.00,12 to 15 Weeks,true,OLO3031H,9050.00
"=""OLODT""","Olympic Doll /Test Mini Oval Kiln: Cone 10, Top Loading 120 Volt Electric Kiln",1419.00,1555.00,12 to 15 Weeks,true,OLODT,1710.00
"=""OLPEEP""",Olympic Peephole Plug,17.00,,,true,OLPEEP,15.00
"=""OLTL20E""",Olympic Top Loading Commercial Electric Kiln TL20 With V6-CF Controller,9529.00,10330.00,16-22 Weeks,true,OLTL20E,11500.00
"=""OLTL5432E""",Olympic Top Loading Commercial Electric Kiln TL5432E,17599.00,19835.00,16-22 Weeks,true,OLTL20E,22000.00
"=""OLTRAV""",Olympic Traveler Kiln:  Glass And Ceramic Combo With 3 Key Electronic Controller,1789.00,1990.00,12 to 15 Weeks,true,OLTRAV,2200.00
"=""SPIFL12""",Olympic FL12 Complete Front Loading Kiln Package,12376.00,,16-22 Weeks,false,SPIFL12,
"=""SPIFL17""",Olympic FL17 Complete Front Loading Kiln Package,14742.00,0.00,16-22 Weeks,false,FL17,
"=""SPIFL20""",Olympic FL20 Complete Front Loading Kiln Package,16522.00,,16-22 Weeks,false,SPIFL20,
"=""SPIFL24""",Olympic FL24 Complete Front Loading Kiln Package,18207.00,0.00,16-22 Weeks,false,SPIFL24,
"=""SPIFL27""",Olympic FL27 Complete Front Loading Kiln Package,21742.00,0.00,16-22 Weeks,false,SPIFL27,
"=""SPIFL31""",Olympic FL31 Complete Front Loading Kiln Package,24507.00,0.00,16-22 Weeks,false,SPIFL31,
"=""SPIFL53""",Olympic FL53 Complete Front Loading Kiln Package,35245.00,,16-22 Weeks,false,SPIFL53,
"=""SPIFL8""",Olympic FL8 Complete Front Loading Kiln Package,10959.00,0.00,16-22 Weeks,false,SPIFL8,
"=""OLFL42""",Olympic FL-42 Front Loading Kiln,25199.00,27190.00,14-16 Weeks,true,FL42E,29950.00
"=""OLSTYPE""",Olympic S-type Thermocouple Upgrade,599.00,,,true,,650.00
"=""OLTL20FK""",Olympic TL20 Furniture Kit,1188.75,,,false,,1830.00
"=""OLHB89SHELF""",Olympic HB89 Extra Shelf,26.00,,,true,,31.00
"=""OLK3K""",Olympic Electro-Sitter : 3 Key Base Model,855.00,,,true,,1250.00
"=""OL18RAFK""",18 Raku Furniture Kit,326.25,,,false,,505.00
"=""OL23RAFK""",23 Raku Furniture Kit,577.50,,,false,,935.00
"=""OL28RAFK""",28 Raku Furniture Kit,645.00,,,false,,1000.00
"=""OL1823EFK""",Furniture Kit for OL1823ERAKU,210.00,,,false,,380.00
"=""OL1214ERAFK""",Furniture Kit for OL1214ERAKU,183.75,,,false,,285.00
"=""OL1827GFK""",1827 TorcHBearer Furniture Kit,217.50,,,false,,325.00
"=""OLDD12FK""",Olympic DD12 Furniture Kit,821.25,,,false,,1240.00
"=""OLDD9FK""",Olympic DD9 Furniture Kit,915.00,1077.00,,false,,1200.00
"=""OLDD14FK""",Olympic DD14 Furniture Kit,877.50,,,false,,1240.00
"=""OL2018BR""","Olympic: ADD a 4.5"" blank ring: ADDs 1.98 cu ft.",280.00,,,true,,480.00
"=""OL25HOFK""",Olympic ADD the Oval 25H Furniture Kit,742.50,,,false,,1140.00
"=""OL30HEFK""",ADD the Oval 30H Furniture Kit,975.00,,,false,,1395.00
"=""OLDD17FK""",Olympic DD17 Furniture Kit,877.50,,,false,,1240.00
"=""OLDD20FK""",Olympic DD20 Furniture Kit,1361.25,,,false,,2105.00
"=""OLHLC120""",Olympic 120V High Limit Controller,1320.00,,,true,,1600.00
"=""OLDD24FK""",Olympic DD24 Furniture Kit,1413.75,,,false,,2185.00
"=""OLDD30FK""",Olympic DD30 Furniture Kit,1545.00,,,false,,2265.00
"=""OLDD40FK""",Olympic DD40 Furniture Kit,1710.00,,,false,,2585.00
"=""OLTRAVFK""",Traveler Furniture Kit,176.25,,,false,,260.00
"=""OLLPR18""","Olympic: ADD Low Pressure Regulator for 18"" Gas Kiln",155.00,,,true,,175.00
"=""OLGH""",Olympic Galvanized Hood for DD Gas Kilns,1695.00,,,true,,1700.00
"=""OLHSSUPD""","Olympic 36""x36"" Stainless Vent Hood for 18"" and 23"" Gas Kilns",1525.00,,,true,,1700.00
"=""OLSSH4040""","Olympic 40""x40""  Stainless Vent Hood for 28"" Gas Kilns",1670.00,,,true,,1750.00
"=""OLHOSS""",Olympic Stainless Hood for DD Gas Kilns,2100.00,,,true,,1800.00
"=""OLWINDOW24""","Olympic: ADD 2"" x 4"" Rectangle Quartz Window",127.00,,,true,,150.00
"=""OLWINDOW2R""","Olympic: ADD 2"" Round Quartz Window",94.00,,,true,,115.00
"=""OLHB64E""",Olympic Hotbox or HB64 Furniture Kit,63.75,,,false,,100.00
"=""OLO20FK""",ADD the Oval 20 Furniture Kit,371.25,,,false,,745.00
"=""OLDM1823FK""",DM 1818 and 1823 Furniture Kit,228.75,,,false,,385.00
"=""OLDM182327FK""","DM 2318, 2323 and 2327 Furniture Kit",427.50,,,false,,630.00
"=""OLDM2818FK""",DM 2818  Furniture Kit,540.00,,,false,,880.00
"=""OLDM2327FK""",DM 2823 and 2827  Furniture Kit,540.00,,,false,,880.00
"=""OLDM2523FK""",DM 2523  Furniture Kit,772.50,,,false,,1255.00
"=""OLDM301823FK""",DM 3018 and 3023  Furniture Kit,903.75,,,false,,1475.00
"=""OL2731GFK""","2327, 2331 TorcHBearer Furniture Kit",567.00,,,false,,756.00
"=""OLGF2ETLCSK""",Olympic GF2ETLC : ADD the shelf kit,250.00,,,true,,315.00
"=""OLGF3ETLCSK""",Olympi: ADD Shelf kit to GF3ETLC Save 20%,330.00,,,true,,385.00
"=""OLEK3Z""",Olympic 3 Zone Option for Electric Kilns,240.00,,,true,,295.00
"=""OL18BR""","ADD Blank ring to 18"" (non ""H"") ADDs 0.66 cu ft.",240.00,,,true,,300.00
"=""OL18BRH""","ADD Blank ring to 18"" ""H"" Models ADDs 0.66 cu ft.",280.00,,,true,,350.00
"=""OL23HFK""","ADD Furniture Kit to 23""H  Standard Electric Kiln",491.25,,,false,,630.00
"=""OL18HFK""","ADD Furniture Kit to Standard 18"" Electric Kiln",257.00,343.00,,false,,385.00
"=""OL28HFK""","ADD Furniture Kit to 28""H Standard Electric Kiln",540.00,,,false,,880.00
"=""OL28FK""","ADD Furniture Kit to 28"" Standard Electric Kiln",495.00,,,false,,820.00
"=""OL23FK""","ADD Furniture Kit to 23"" 2.5"" Electric Kiln",491.25,,,false,,585.00
"=""OL23BR""","ADD Blank ring to 23"" (non ""H"") ADDs 1.05 cu ft.",280.00,,,true,,350.00
"=""OL23HBR""","ADD Blank ring to 23"" (""H"" Models)  ADDs 1.05 cu ft.",330.00,,,true,,405.00
"=""OL28HBR""","ADD Blank ring to 28"" (""H"" and Non-""H""Models)  ADDs 1.67 cu ft.",385.00,,,true,,475.00
"=""OLDTFK""",Olympic Doll/Test Mini Oval Furniture Kit,71.25,,,false,,115.00
"=""OLHB8FK""","Olympic HB84, HB86 and HB89 Furniture Kit",67.50,,,false,,108.00
"=""OL12FK""",Olympic 129 and 1214-120 Furniture Kit,122.25,,,false,,160.00
"=""OLVMEK""",Olympic: Vent Master Expansion Kit,180.00,,,true,,275.00
"=""OLDM3P""",Three Phase,90.00,,,true,,110.00
"=""OLCEK3Z""",Olympic Zone Control Option for Commercial Electric Kilns,270.00,,,true,,295.00
"=""OLKSC""",Olympic Kiln Star Controller,50.00,,,true,,
"=""OL2827GFK""",2827 and 2831 TorcHBearer Furniture Kit,622.50,,,false,,830.00
"=""OLEKC""",Olympic Castors,265.00,,,true,,325.00
"=""OLMAS28SFK""",Olympic MAS28 Series Furniture Kit,540.00,,,false,,880.00
"=""OLGENESIS""",Olympic Kilns Upgrade to Genesis Touchscreen Controller,110.00,,,true,,150.00
"=""OLSC12K""",Olympic 120V 12 Key Kiln Star Controller,50.00,,,true,,
"=""OLVG3DC""",Olympic Vitrigraph: Upgrade to 3 Key Digital Controller,170.00,,,true,,
"=""OES12KC""",Olympic Electro-Sitter : Kiln Star 12 Key Controller,170.00,,,true,,
"=""OESGENESISTSC""",Olympic Electro-Sitter : Genesis Touch-Screen Controller,180.00,,,true,,200.00
"=""OLLSS""",Olympic: ADD Lid Safety Shut Off,95.00,,,true,,115.00
"=""OLDME""",Olympic: ADD Lid Elements for Glass and Ceramics: ADDS 8 AMPS to the kiln draw.,330.00,,,true,,650.00
"=""OLLA""",Olympic ADD Lid Lift Assist,445.00,,,true,,550.00
"=""OLL23PR""","Olympic: Add Low Pressure Regulator for 23"" or 28"" Gas Kiln",240.00,,,true,,275.00
"=""OLTL5432FK""",Olympi Kilns: ADD Furniture Kit to TL5432,2478.75,,,false,,3635.00
"=""OLPHASE3""",Olympic 3 Phase Option,90.00,,,true,,110.00
"=""OLLSO""",Olympic: Auto Lid Shut-Off (Required in Europe),95.00,,,true,,115.00
"=""OLVSSEK""",Olympic : ADD Vent System to Standard Electric Kiln,529.00,,,true,,775.00
"=""OL20BR""","Olympic ADD a 4.5"" blank ring: ADDs 1.3 cu ft.",360.00,,,true,,480.00
"=""OL30BR""","ADD a 4.5"" blank ring: ADDs 2.75 cu ft.",505.00,,,true,,625.00
"=""OLCWLS""",Olympic: Counter Weight Lid System: OPTION ONLY:,445.00,,,true,,550.00
"=""OLDVC""",Olympic: Downdraft Venting System,785.00,,,true,,775.00
"=""OL3ZONE""",Olympic Stackable ADD 3 Zone Option,240.00,,,true,,295.00
"=""OL3PCK""",Olympic 3 Phase: Commercial Kilns,440.00,,,true,,450.00
"=""OLSSR17""","Olympic Solid State Relays for FL17, FL20,FL24",600.00,,,true,,650.00
"=""OLSSR173P""","Olympic Solid State Relays for FL17, FL20,FL24 when 3 Phase",850.00,,,true,,925.00
"=""OLFL20FK""",Olympic FL17 and FL20 Furniture Kit,984.30,1158.00,,true,FL17FK,1235.00
"=""OLPHASE3C""",Olympic 3 Phase Commercial Kilns Option,440.00,,,true,,450.00
"=""OL480V""",Olympic 480 Volt upgrade on Commercial Kilns,505.00,,,true,,550.00
"=""OLFL45FK""",Olympic FL4.5 Furniture Kit,447.95,527.00,,,FL45FK,530.00
"=""OLFL55FK""",Olympic FL5.5 Furniture Kit,465.00,547.00,,,OL55FK,545.00
"=""OLFL8FK""","Olympic FL8, FL10, FL12 Furniture Kit",799.00,942.00,,,FL8FK,1195.00
"=""OLFL24FK""",Olympic FL24 Furniture Kit,1819.00,2143.00,,,FL24FK,2190.00
"=""OLFL27FK""","Olympic FL27, FL31 Furniture Kit",1819.00,2143.00,,,FL27FK,2270.00
"=""OLFL36FK""",Olympic FL36 Furniture Kit,1889.00,2223.00,,,FL36FK,2270.00
"=""OLFL42FK""",Olympic FL42 Furniture Kit,2999.00,3185.00,,,FL42FK,3510.00
"=""OLFL53FK""",Olympic FL53 Furniture Kit,3599.00,4256.00,,,FL53E  ,4680.00
"=""OLFL64FK""",Olympic FL64 Furniture Kit,2189.00,2575.00,,,FL64E,2830.00
"=""OLFL10""",Olympic FL-10 Front Loading Electric Kiln,8999.00,9755.00,,true,,10750.00
"=""OLFL45""",Olympic FL-4.5 Front Loading Electric Kiln,6299.00,6680.00,,true,,7500.00
"=""OLFL24-old""",Olympic FL-24 - ARCHIVE,14599.00,16635.00,,true,,18300.00
"=""OLFL36""",Olympic FL-36 Front Loading Electric Kiln,21999.00,24735.00,,true,,27250.00
"=""OL23RAKUFK""",Olympic 23 Raku Furniture Kit,567.00,756.00,,true,,935.00
