approve,current_title,new_title,shelf_size,shelf_shape,shelf_thickness,current_seo_title,new_seo_title,tags_to_add,notes,status,vendor,sku,handle,product_id,url
yes,"Advancer Kiln Shelf  13"" Round x 5/16""  Nitride Bonded Silicon Carbide","Advancer Silicon Carbide Kiln Shelf - 13"" Full Round, 5/16"" Thick","13"" Diameter",Full Round,"5/16""",,"Advancer Kiln Shelf 13"" x 5/16"" Full Round | Sheffield Pottery",Kiln Shelves; Kiln Shelves - Posts - Cones and Kiln Firing Accessories; ADVANCER Kiln Shelves,"Missing from the ""Kiln Shelves and Posts"" collection until the Kiln Shelves tag is added.",ACTIVE,Advancer,AKS-ADV13ROUND-I,13-round-x-5-16-advancer®-kiln-shelf,gid://shopify/Product/14615946199411,https://www.sheffield-pottery.com/products/13-round-x-5-16-advancer®-kiln-shelf
yes,"Advancer Kiln Shelf 15"" Round x 5/16"" Nitride Bonded Silicon Carbide","Advancer Silicon Carbide Kiln Shelf - 15"" Full Round, 5/16"" Thick","15"" Diameter",Full Round,"5/16""",,"Advancer Kiln Shelf 15"" x 5/16"" Full Round | Sheffield Pottery",Kiln Shelves; Kiln Shelves - Posts - Cones and Kiln Firing Accessories; ADVANCER Kiln Shelves,"Missing from the ""Kiln Shelves and Posts"" collection until the Kiln Shelves tag is added.",ACTIVE,Advancer,SSFADV15ROUND,15-round-x-5-16-advancer®-kiln-shelf,gid://shopify/Product/14615946887539,https://www.sheffield-pottery.com/products/15-round-x-5-16-advancer®-kiln-shelf
yes,"Advancer Kiln Shelf 25"" x 12.5"" x 5/16"" Half Round  Nitride Bonded Silicon Carbide","Advancer Silicon Carbide Kiln Shelf - 25"" Half Round, 5/16"" Thick","25"" Diameter",Half Round,"5/16""",,"Advancer Kiln Shelf 25"" x 5/16"" Half Round | Sheffield Pottery",Kiln Shelves; Kiln Shelves - Posts - Cones and Kiln Firing Accessories; ADVANCER Kiln Shelves,"Missing from the ""Kiln Shelves and Posts"" collection until the Kiln Shelves tag is added.",ACTIVE,Advancer,SSADV25HR,25-x-12-5-x-5-16-half-round-advancer®-kiln-shelf,gid://shopify/Product/14615950819699,https://www.sheffield-pottery.com/products/25-x-12-5-x-5-16-half-round-advancer®-kiln-shelf
yes,"Advancer Kiln Shelf  15"" x 15"" x 5/16"" Full 8 Sided  Nitride Bonded Silicon Carbide","Advancer Silicon Carbide Kiln Shelf - 15"" Full 8-Sided, 5/16"" Thick","15"" Diameter",Full 8-Sided,"5/16""",,"Advancer Kiln Shelf 15"" x 5/16"" Full 8-Sided | Sheffield Pottery",Kiln Shelves; Kiln Shelves - Posts - Cones and Kiln Firing Accessories; ADVANCER Kiln Shelves,"Missing from the ""Kiln Shelves and Posts"" collection until the Kiln Shelves tag is added.",ACTIVE,Advancer,SSFB1515516,15-x-15-x-5-16-full-8-sided-advancer®-kiln-shelf,gid://shopify/Product/14615946297715,https://www.sheffield-pottery.com/products/15-x-15-x-5-16-full-8-sided-advancer®-kiln-shelf
yes,"Advancer Kiln Shelf 15"" x 7.5"" x 5/16""  Nitride Bonded Silicon Carbide Half 8 Sided","Advancer Silicon Carbide Kiln Shelf - 15"" Half 8-Sided, 5/16"" Thick","15"" Diameter",Half 8-Sided,"5/16""",,"Advancer Kiln Shelf 15"" x 5/16"" Half 8-Sided | Sheffield Pottery",Kiln Shelves; Kiln Shelves - Posts - Cones and Kiln Firing Accessories; ADVANCER Kiln Shelves,"Missing from the ""Kiln Shelves and Posts"" collection until the Kiln Shelves tag is added.",ACTIVE,Advancer,SSFADV157.5H8S-I,15-x-7-5-x-5-16-half-8-sided-advancer®-kiln-shelf,gid://shopify/Product/14615946428787,https://www.sheffield-pottery.com/products/15-x-7-5-x-5-16-half-8-sided-advancer®-kiln-shelf
yes,"Advancer Kiln Shelf 20"" Full 10 Sided Nitride Bonded Silicon Carbide","Advancer Silicon Carbide Kiln Shelf - 20"" Full 10-Sided, 5/16"" Thick","20"" Diameter",Full 10-Sided,"5/16""",Advancer Kiln Shelves | Sheffield Pottery | Nitride Bonded Silicon Carbide,"Advancer Kiln Shelf 20"" x 5/16"" Full 10-Sided | Sheffield Pottery",,"Thickness not in title; set to Advancer standard 5/16"" - confirm.",ACTIVE,Advancer,SSFADV20F,advancer-kiln-shelf-20-full-10-sided-ssfadv20f,gid://shopify/Product/8316337979714,https://www.sheffield-pottery.com/products/advancer-kiln-shelf-20-full-10-sided-ssfadv20f
yes,"Advancer Kiln Shelf 21"" Full 10 Sided Nitride Bonded Silicon Carbide","Advancer Silicon Carbide Kiln Shelf - 21"" Full 10-Sided, 5/16"" Thick","21"" Diameter",Full 10-Sided,"5/16""",Advancer Kiln Shelves | Sheffield Pottery | Nitride Bonded Silicon Carbide,"Advancer Kiln Shelf 21"" x 5/16"" Full 10-Sided | Sheffield Pottery",,"Thickness not in title; set to Advancer standard 5/16"" - confirm. Vendor part no. (AKS-ADV2020F10S-1) duplicates the 20"" full shelf's.",ACTIVE,Advancer,SSFADV21F,advancer-kiln-shelf-21-full-10-sided-ssfadv21f,gid://shopify/Product/8316338307394,https://www.sheffield-pottery.com/products/advancer-kiln-shelf-21-full-10-sided-ssfadv21f
yes,"Advancer Kiln Shelf 20"" Half 10 Sided Nitride Bonded Silicon Carbide","Advancer Silicon Carbide Kiln Shelf - 20"" Half 10-Sided, 5/16"" Thick","20"" Diameter",Half 10-Sided,"5/16""",Advancer Kiln Shelves | Lightweight Kiln Shelves,"Advancer Kiln Shelf 20"" x 5/16"" Half 10-Sided | Sheffield Pottery",,"Thickness not in title; set to Advancer standard 5/16"" - confirm.",ACTIVE,Advancer,SSFADV20H,advancer-kiln-shelf-20-half-10-sided-ssfadv20h,gid://shopify/Product/8316338176322,https://www.sheffield-pottery.com/products/advancer-kiln-shelf-20-half-10-sided-ssfadv20h
yes,"Advancer Kiln Shelf 21"" Half 10 Sided Nitride Bonded Silicon Carbide","Advancer Silicon Carbide Kiln Shelf - 21"" Half 10-Sided, 5/16"" Thick","21"" Diameter",Half 10-Sided,"5/16""",Advancer Kiln Shelves | Lightweight Kiln Shelves,"Advancer Kiln Shelf 21"" x 5/16"" Half 10-Sided | Sheffield Pottery",,"Thickness not in title; set to Advancer standard 5/16"" - confirm.",ACTIVE,Advancer,SSFADV21H,advancer-kiln-shelf-21-half-10-sided-ssfadv21h,gid://shopify/Product/8316338504002,https://www.sheffield-pottery.com/products/advancer-kiln-shelf-21-half-10-sided-ssfadv21h
yes,"Advancer Kiln Shelf 26"" Half 12 Sided Nitride Bonded Silicon Carbide","Advancer Silicon Carbide Kiln Shelf - 26"" Half 12-Sided, 5/16"" Thick","26"" Diameter",Half 12-Sided,"5/16""",Advancer Kiln Shelves | Sheffield Pottery | Nitride Bonded Silicon Carbide,"Advancer Kiln Shelf 26"" x 5/16"" Half 12-Sided | Sheffield Pottery",,"Thickness not in title; set to Advancer standard 5/16"" - confirm.",ACTIVE,Advancer,SSFADV26H,advancer-kiln-shelf-26-half-12-sided-ssfadv26h,gid://shopify/Product/8316339061058,https://www.sheffield-pottery.com/products/advancer-kiln-shelf-26-half-12-sided-ssfadv26h
yes,"Advancer Kiln Shelf 10 x 20 x 5/16"" Nitride Bonded Silicon Carbide Rectangle","Advancer Silicon Carbide Kiln Shelf - 10"" x 20"" Rectangle, 5/16"" Thick","10"" x 20""",Rectangle,"5/16""",Advancer Kiln Shelves | Sheffield Pottery | Nitride Bonded Silicon Carbide,"Advancer Kiln Shelf 10"" x 20"" x 5/16"" Rectangle | Sheffield Pottery",,,ACTIVE,Advancer,SSFADV1020,advancer-kiln-shelf-10-x20-x-5-16-silicon-carbide-ssfadv1020,gid://shopify/Product/8316336832834,https://www.sheffield-pottery.com/products/advancer-kiln-shelf-10-x20-x-5-16-silicon-carbide-ssfadv1020
yes,"Advancer Kiln Shelf 11x22x 5/16"" Nitride Bonded Silicon Carbide Rectangle","Advancer Silicon Carbide Kiln Shelf - 11"" x 22"" Rectangle, 5/16"" Thick","11"" x 22""",Rectangle,"5/16""",Advancer Kiln Shelves | Sheffield Pottery | Nitride Bonded Silicon Carbide,"Advancer Kiln Shelf 11"" x 22"" x 5/16"" Rectangle | Sheffield Pottery",,,ACTIVE,Advancer,SSFADV1122,advancer-kiln-shelf-11x22-silicon-carbide-ssfadv1122,gid://shopify/Product/8316336996674,https://www.sheffield-pottery.com/products/advancer-kiln-shelf-11x22-silicon-carbide-ssfadv1122
yes,"12"" x 24"" x 3/4"" Oxide Bonded Silicon Carbide Kiln Shelf: Crystolon","Crystolon Oxide-Bonded Silicon Carbide Kiln Shelf - 12"" x 24"" Rectangle, 3/4"" Thick","12"" x 24""",Rectangle,"3/4""",Silicon Carbide Kiln Shelf,"Crystolon Silicon Carbide Kiln Shelf 12"" x 24"" x 3/4"" Rectangle",Kiln Shelves - Posts - Cones and Kiln Firing Accessories,,ACTIVE,Advancer,SSFRC4128122434,silicon-carbide-kiln-shelf-12-x-24-x3-4-ssfrc4128122434,gid://shopify/Product/8316339552578,https://www.sheffield-pottery.com/products/silicon-carbide-kiln-shelf-12-x-24-x3-4-ssfrc4128122434
yes,"Advancer Kiln Shelf 12 x 24 x 5/16"" Nitride Bonded Silicon Carbide Rectangle","Advancer Silicon Carbide Kiln Shelf - 12"" x 24"" Rectangle, 5/16"" Thick","12"" x 24""",Rectangle,"5/16""",Advancer Kiln Shelves | Sheffield Pottery | Nitride Bonded Silicon Carbide,"Advancer Kiln Shelf 12"" x 24"" x 5/16"" Rectangle | Sheffield Pottery",,,ACTIVE,Advancer,SSFADV1224,advancer-kiln-shelf-12-x-24-x-5-16-nitride-bonded-ssfadv1224,gid://shopify/Product/8316337422658,https://www.sheffield-pottery.com/products/advancer-kiln-shelf-12-x-24-x-5-16-nitride-bonded-ssfadv1224
yes,"Advancer Kiln Shelf 16"" x 13"" x 5/16""  Nitride Bonded Silicon Carbide","Advancer Silicon Carbide Kiln Shelf - 13"" x 16"" Rectangle, 5/16"" Thick","13"" x 16""",Rectangle,"5/16""",,"Advancer Kiln Shelf 13"" x 16"" x 5/16"" Rectangle | Sheffield Pottery",Kiln Shelves; Kiln Shelves - Posts - Cones and Kiln Firing Accessories; ADVANCER Kiln Shelves,"Vendor part no. field (AKS-ADV1326X5/16-I) belongs to the 13 x 26 shelf. Missing from the ""Kiln Shelves and Posts"" collection until the Kiln Shelves tag is added.",ACTIVE,Advancer,AKS-ADV1613X5/16-I,16-x-13-x-5-16-advancer®-kiln-shelf,gid://shopify/Product/14615946953075,https://www.sheffield-pottery.com/products/16-x-13-x-5-16-advancer®-kiln-shelf
yes,"Advancer Kiln Shelf 13 x26 x 5/16"" Nitride Bonded Silicon Carbide Rectangle","Advancer Silicon Carbide Kiln Shelf - 13"" x 26"" Rectangle, 5/16"" Thick","13"" x 26""",Rectangle,"5/16""",Advancer Kiln Shelves | Sheffield Pottery | Nitride Bonded Silicon Carbide,"Advancer Kiln Shelf 13"" x 26"" x 5/16"" Rectangle | Sheffield Pottery",,"Description opens with ""12 x28""; fix the description.",ACTIVE,Advancer,SSFADV1326,advancer-kiln-shelf-13-x26-x-5-16-silicon-carbide-ssfadv1326,gid://shopify/Product/8316337586498,https://www.sheffield-pottery.com/products/advancer-kiln-shelf-13-x26-x-5-16-silicon-carbide-ssfadv1326
yes,"Advancer Kiln Shelf 14 x 28 x 5/16"" Nitride Bonded Silicon Carbide Rectangle","Advancer Silicon Carbide Kiln Shelf - 14"" x 28"" Rectangle, 5/16"" Thick","14"" x 28""",Rectangle,"5/16""",Advancer Kiln Shelves | Sheffield Pottery | Nitride Bonded Silicon Carbide,"Advancer Kiln Shelf 14"" x 28"" x 5/16"" Rectangle | Sheffield Pottery",,"Description opens with ""11 x 22""; fix the description.",ACTIVE,Advancer,SSFADV1428,advancer-kiln-shelf-14-x28-x-5-16-silicon-carbide-ssfadv1428,gid://shopify/Product/8316337848642,https://www.sheffield-pottery.com/products/advancer-kiln-shelf-14-x28-x-5-16-silicon-carbide-ssfadv1428
yes,"Advancer Kiln Shelf 18"" x 24"" x 5/16""  Nitride Bonded Silicon Carbide","Advancer Silicon Carbide Kiln Shelf - 18"" x 24"" Rectangle, 5/16"" Thick","18"" x 24""",Rectangle,"5/16""",,"Advancer Kiln Shelf 18"" x 24"" x 5/16"" Rectangle | Sheffield Pottery",Kiln Shelves; Kiln Shelves - Posts - Cones and Kiln Firing Accessories; ADVANCER Kiln Shelves,"Missing from the ""Kiln Shelves and Posts"" collection until the Kiln Shelves tag is added.",ACTIVE,Advancer,AKS-ADV1824x5/16-I,18-x-24-x-5-16-advancer®-kiln-shelf,gid://shopify/Product/14615950623091,https://www.sheffield-pottery.com/products/18-x-24-x-5-16-advancer®-kiln-shelf
yes,"Advancer Kiln Shelf 12 x 12 x 5/16"" Nitride Bonded Silicon Carbide Square","Advancer Silicon Carbide Kiln Shelf - 12"" x 12"" Square, 5/16"" Thick","12"" x 12""",Square,"5/16""",Advancer Kiln Shelves | Sheffield Pottery | Nitride Bonded Silicon Carbide,"Advancer Kiln Shelf 12"" x 12"" x 5/16"" Square | Sheffield Pottery",,,ACTIVE,Advancer,SSFADV1212,advancer-kiln-shelf-12-x12-x-5-16-silicon-carbide-ssfadv1212,gid://shopify/Product/8316337258818,https://www.sheffield-pottery.com/products/advancer-kiln-shelf-12-x12-x-5-16-silicon-carbide-ssfadv1212
yes,"Advancer Kiln Shelf  16"" x 16"" x 5/16"" Nitride Bonded Silicon Carbide","Advancer Silicon Carbide Kiln Shelf - 16"" x 16"" Square, 5/16"" Thick","16"" x 16""",Square,"5/16""",,"Advancer Kiln Shelf 16"" x 16"" x 5/16"" Square | Sheffield Pottery",Kiln Shelves; Kiln Shelves - Posts - Cones and Kiln Firing Accessories; ADVANCER Kiln Shelves,"Missing from the ""Kiln Shelves and Posts"" collection until the Kiln Shelves tag is added.",ACTIVE,Advancer,AKS-ADV1616X5/16-I,16-x-16-x-5-16-advancer®-kiln-shelf,gid://shopify/Product/14615947018611,https://www.sheffield-pottery.com/products/16-x-16-x-5-16-advancer®-kiln-shelf
yes,"Advancer Kiln Shelf  18"" x 18"" x 5/16""  Nitride Bonded Silicon Carbide","Advancer Silicon Carbide Kiln Shelf - 18"" x 18"" Square, 5/16"" Thick","18"" x 18""",Square,"5/16""",,"Advancer Kiln Shelf 18"" x 18"" x 5/16"" Square | Sheffield Pottery",Kiln Shelves; Kiln Shelves - Posts - Cones and Kiln Firing Accessories; ADVANCER Kiln Shelves,"Missing from the ""Kiln Shelves and Posts"" collection until the Kiln Shelves tag is added.",ACTIVE,Advancer,SSFADV1818,18-x-18-x-5-16-advancer®-kiln-shelf,gid://shopify/Product/14615947051379,https://www.sheffield-pottery.com/products/18-x-18-x-5-16-advancer®-kiln-shelf
yes,"Advancer Kiln Shelf 20"" x 20"" x 5/16""  Nitride Bonded Silicon Carbide","Advancer Silicon Carbide Kiln Shelf - 20"" x 20"" Square, 5/16"" Thick","20"" x 20""",Square,"5/16""",,"Advancer Kiln Shelf 20"" x 20"" x 5/16"" Square | Sheffield Pottery",Kiln Shelves; Kiln Shelves - Posts - Cones and Kiln Firing Accessories; ADVANCER Kiln Shelves,"Missing from the ""Kiln Shelves and Posts"" collection until the Kiln Shelves tag is added.",ACTIVE,Advancer,AKS-ADV2020x5/16-I,20-x-20-x-5-16-advancer®-kiln-shelf,gid://shopify/Product/14615950655859,https://www.sheffield-pottery.com/products/20-x-20-x-5-16-advancer®-kiln-shelf
yes,"Advancer Kiln Shelf 22 x 22 x 5/16"" Nitride Bonded Silicon Carbide Rectangle","Advancer Silicon Carbide Kiln Shelf - 22"" x 22"" Square, 5/16"" Thick","22"" x 22""",Square,"5/16""",Advancer Kiln Shelves | Sheffield Pottery | Nitride Bonded Silicon Carbide,"Advancer Kiln Shelf 22"" x 22"" x 5/16"" Square | Sheffield Pottery",,"Old title called this shelf ""Rectangle""; both sides are equal, so it is a square.",ACTIVE,Advancer,SSFADV2222,advancer-kiln-shelf-22x-22-x-5-16-nitride-bonded-ssfadv2222,gid://shopify/Product/8316338733378,https://www.sheffield-pottery.com/products/advancer-kiln-shelf-22x-22-x-5-16-nitride-bonded-ssfadv2222
yes,"Advancer Kiln Shelf  24"" x 24"" x 5/16""  Nitride Bonded Silicon Carbide","Advancer Silicon Carbide Kiln Shelf - 24"" x 24"" Square, 5/16"" Thick","24"" x 24""",Square,"5/16""",,"Advancer Kiln Shelf 24"" x 24"" x 5/16"" Square | Sheffield Pottery",Kiln Shelves; Kiln Shelves - Posts - Cones and Kiln Firing Accessories; ADVANCER Kiln Shelves,"Missing from the ""Kiln Shelves and Posts"" collection until the Kiln Shelves tag is added.",ACTIVE,Advancer,AKS-ADV2424x5/16-I,24-x-24-x-5-16-advancer®-kiln-shelf,gid://shopify/Product/14615950754163,https://www.sheffield-pottery.com/products/24-x-24-x-5-16-advancer®-kiln-shelf
yes,"15"" X 5/8 "" Corelite Full Round Kiln Shelves By Cedar Heights","Cedar Heights CoreLite Semi-Hollow Kiln Shelf - 15"" Full Round, 5/8"" Thick","15"" Diameter",Full Round,"5/8""","15"" x 5/8 "" CoreLite FULL ROUND Kiln Shelves","CoreLite Semi-Hollow Kiln Shelf 15"" x 5/8"" Full Round",Kiln Shelves - Posts - Cones and Kiln Firing Accessories,,ACTIVE,Cedar Heights,CH1558FR,corelite-kiln-semi-hollow-shelves-ch1558fr,gid://shopify/Product/8315813069122,https://www.sheffield-pottery.com/products/corelite-kiln-semi-hollow-shelves-ch1558fr
yes,"20"" X 5/8"" Corelite Full Round Kiln Shelf  By Cedar Heights","Cedar Heights CoreLite Semi-Hollow Kiln Shelf - 20"" Full Round, 5/8"" Thick","20"" Diameter",Full Round,"5/8""","20"" x 5/8"" CoreLite FULL ROUND Kiln Shelf","CoreLite Semi-Hollow Kiln Shelf 20"" x 5/8"" Full Round",,Draft: not visible on the storefront.,DRAFT,Cedar Heights,CH2058FR,corelite-kiln-semi-hollow-kiln-shelves-ch2058fr,gid://shopify/Product/8315813822786,
yes,"26"" X 1"" Corelite Full Round Kiln Shelf  By Cedar Heights","Cedar Heights CoreLite Semi-Hollow Kiln Shelf - 26"" Full Round, 1"" Thick","26"" Diameter",Full Round,"1""","26"" X 1"" Corelite Full Round Kiln Shelf","CoreLite Semi-Hollow Kiln Shelf 26"" x 1"" Full Round",Kiln Shelves - Posts - Cones and Kiln Firing Accessories,,ACTIVE,Cedar Heights,CH261,26-x-13-x-5-8-corelite-rectangle-kiln-shelves-ch261,gid://shopify/Product/8315814904130,https://www.sheffield-pottery.com/products/26-x-13-x-5-8-corelite-rectangle-kiln-shelves-ch261
yes,"20"" X 5/8"" Corelite Half Round Kiln Shelf  By Cedar Heights","Cedar Heights CoreLite Semi-Hollow Kiln Shelf - 20"" Half Round, 5/8"" Thick","20"" Diameter",Half Round,"5/8""",Semi-Hollow Corelite Kiln Shelf | Half Round Kiln Shelves,"CoreLite Semi-Hollow Kiln Shelf 20"" x 5/8"" Half Round",,Draft: not visible on the storefront.,DRAFT,Cedar Heights,CH2058HR,corelite-kiln-semi-hollow-kiln-shelves-ch2058hr,gid://shopify/Product/8315814084930,
yes,"26"" X 5/8"" Half Round Corelite Kiln Shelves By Cedar Heights","Cedar Heights CoreLite Semi-Hollow Kiln Shelf - 26"" Half Round, 5/8"" Thick","26"" Diameter",Half Round,"5/8""","26"" X 13"" X 5/8 "" CoreLite Semi Hollow Kiln Shelves by Cedar Heights","CoreLite Semi-Hollow Kiln Shelf 26"" x 5/8"" Half Round",,,ACTIVE,Cedar Heights,CH2658HR,26-x-13-x-1-corelite-kiln-semi-hollow-shelves-ch2658hr,gid://shopify/Product/8315815559490,https://www.sheffield-pottery.com/products/26-x-13-x-1-corelite-kiln-semi-hollow-shelves-ch2658hr
yes,"16"" X 15"" X 5/8 "" Corelite Octagonal Kiln Shelf  By Cedar Heights","Cedar Heights CoreLite Semi-Hollow Kiln Shelf - 16"" x 15"" Full 8-Sided, 5/8"" Thick","16"" Diameter",Full 8-Sided,"5/8""",Cordierite Kiln Shelf | Octagonal Kiln Shelves,"CoreLite Semi-Hollow Kiln Shelf 16"" x 15"" x 5/8"" Full 8-Sided",Kiln Shelves - Posts - Cones and Kiln Firing Accessories,"Octagon listed as 16"" x 15"" (corner-to-corner x flat-to-flat?); filed under 16"" Diameter - confirm.",ACTIVE,Cedar Heights,CH161558,corelite-kiln-semi-hollow-shelves-ch161558,gid://shopify/Product/8315813167426,https://www.sheffield-pottery.com/products/corelite-kiln-semi-hollow-shelves-ch161558
yes,"20""  X 10"" X 3/4"" Corelite Rectangle Kiln Shelves  By Cedar Heights","Cedar Heights CoreLite Semi-Hollow Kiln Shelf - 10"" x 20"" Rectangle, 3/4"" Thick","10"" x 20""",Rectangle,"3/4""",Corelite Kiln Shelves | Kiln Shelf | Sheffield Pottery,"CoreLite Semi-Hollow Kiln Shelf 10"" x 20"" x 3/4"" Rectangle",Kiln Shelves - Posts - Cones and Kiln Firing Accessories,,ACTIVE,Cedar Heights,CH201034,corelite-kiln-semi-hollow-kiln-shelves-ch201034,gid://shopify/Product/8315813429570,https://www.sheffield-pottery.com/products/corelite-kiln-semi-hollow-kiln-shelves-ch201034
yes,"22""  X 11"" X 1"" Corelite Rectangle  Kiln Shelves  By Cedar Heights","Cedar Heights CoreLite Semi-Hollow Kiln Shelf - 11"" x 22"" Rectangle, 1"" Thick","11"" x 22""",Rectangle,"1""",,"CoreLite Semi-Hollow Kiln Shelf 11"" x 22"" x 1"" Rectangle",Kiln Shelves - Posts - Cones and Kiln Firing Accessories,,ACTIVE,Cedar Heights,CH22111,22-x-11-x-1-corelite-rectangle-kiln-shelves-ch22111,gid://shopify/Product/8315814216002,https://www.sheffield-pottery.com/products/22-x-11-x-1-corelite-rectangle-kiln-shelves-ch22111
yes,"24""  X 12"" X 1"" Corelite Square  Kiln Shelves  By Cedar Heights","Cedar Heights CoreLite Semi-Hollow Kiln Shelf - 12"" x 24"" Rectangle, 1"" Thick","12"" x 24""",Rectangle,"1""",Corelite Kiln Shelves | Kiln Shelf | Sheffield Pottery,"CoreLite Semi-Hollow Kiln Shelf 12"" x 24"" x 1"" Rectangle",Kiln Shelves - Posts - Cones and Kiln Firing Accessories,"Old title called this 24 x 12 shelf ""Square""; it is a rectangle.",ACTIVE,Cedar Heights,CH24121,corelite-kiln-semi-hollow-kiln-shelves-ch24121,gid://shopify/Product/8315814347074,https://www.sheffield-pottery.com/products/corelite-kiln-semi-hollow-kiln-shelves-ch24121
yes,"24 X 12"" X 5/8 "" Corelite Kiln Shelves By Cedar Heights","Cedar Heights CoreLite Semi-Hollow Kiln Shelf - 12"" x 24"" Rectangle, 5/8"" Thick","12"" x 24""",Rectangle,"5/8""","24 x 12"" x 5/8 "" CoreLite Semi Hollow Kiln Shelves","CoreLite Semi-Hollow Kiln Shelf 12"" x 24"" x 5/8"" Rectangle",,Draft: not visible on the storefront.,DRAFT,Cedar Heights,CH241258,corelite-kiln-semi-hollow-shelves-ch241258,gid://shopify/Product/8315814510914,
yes,"26"" X 13"" X 1 "" Corelite Rectagular Kiln Shelves By Cedar Heights","Cedar Heights CoreLite Semi-Hollow Kiln Shelf - 13"" x 26"" Rectangle, 1"" Thick","13"" x 26""",Rectangle,"1""","26"" X 13"" X 1 "" CoreLite Semi Hollow Kiln Shelves by Cedar Heights","CoreLite Semi-Hollow Kiln Shelf 13"" x 26"" x 1"" Rectangle",Kiln Shelves - Posts - Cones and Kiln Firing Accessories,,ACTIVE,Cedar Heights,CH26131,26-x-13-x-1-corelite-kiln-semi-hollow-shelves-ch26131,gid://shopify/Product/8315815133506,https://www.sheffield-pottery.com/products/26-x-13-x-1-corelite-kiln-semi-hollow-shelves-ch26131
yes,"26""  X 13"" X 5/8"" Corelite Rectangle  Kiln Shelves  By Cedar Heights","Cedar Heights CoreLite Semi-Hollow Kiln Shelf - 13"" x 26"" Rectangle, 5/8"" Thick","13"" x 26""",Rectangle,"5/8""","26""  X 13"" X 5/8"" Corelite Rectangle  Kiln Shelves","CoreLite Semi-Hollow Kiln Shelf 13"" x 26"" x 5/8"" Rectangle",Kiln Shelves - Posts - Cones and Kiln Firing Accessories,,ACTIVE,Cedar Heights,CH261358,26-x-13-x-5-8-corelite-rectangle-kiln-shelves-ch261358,gid://shopify/Product/8315815362882,https://www.sheffield-pottery.com/products/26-x-13-x-5-8-corelite-rectangle-kiln-shelves-ch261358
yes,"28""  X 14"" X 1"" Corelite Rectangle  Kiln Shelves  By Cedar Heights","Cedar Heights CoreLite Semi-Hollow Kiln Shelf - 14"" x 28"" Rectangle, 1"" Thick","14"" x 28""",Rectangle,"1""","28""  X 14"" X 1"" Corelite Rectangle  Kiln Shelves","CoreLite Semi-Hollow Kiln Shelf 14"" x 28"" x 1"" Rectangle",Kiln Shelves - Posts - Cones and Kiln Firing Accessories,,ACTIVE,Cedar Heights,CH28141,28-x-14-x-1-corelite-rectangle-kiln-shelves-ch28141,gid://shopify/Product/8315815854402,https://www.sheffield-pottery.com/products/28-x-14-x-1-corelite-rectangle-kiln-shelves-ch28141
yes,"24""  X 18"" X 1"" Corelite Rectangle  Kiln Shelves  By Cedar Heights","Cedar Heights CoreLite Semi-Hollow Kiln Shelf - 18"" x 24"" Rectangle, 1"" Thick","18"" x 24""",Rectangle,"1""","24""  x 18"" x 1"" CoreLite RECTANGLE  Kiln Shelves","CoreLite Semi-Hollow Kiln Shelf 18"" x 24"" x 1"" Rectangle",Kiln Shelves - Posts - Cones and Kiln Firing Accessories,,ACTIVE,Cedar Heights,CH24181,corelite-kiln-semi-hollow-kiln-shelves-ch24181,gid://shopify/Product/8315814805826,https://www.sheffield-pottery.com/products/corelite-kiln-semi-hollow-kiln-shelves-ch24181
yes,"20"" X 20"" X1"" "" Corelite Square Kiln Shelf  By Cedar Heights","Cedar Heights CoreLite Semi-Hollow Kiln Shelf - 20"" x 20"" Square, 1"" Thick","20"" x 20""",Square,"1""",Hollow Square Corelite Kiln Shelf | Sheffield Pottery,"CoreLite Semi-Hollow Kiln Shelf 20"" x 20"" x 1"" Square",Kiln Shelves - Posts - Cones and Kiln Firing Accessories,,ACTIVE,Cedar Heights,CH20201,corelite-kiln-semi-hollow-kiln-shelves-ch20201,gid://shopify/Product/8315813495106,https://www.sheffield-pottery.com/products/corelite-kiln-semi-hollow-kiln-shelves-ch20201
yes,"Gillespie Hollow Core Kiln Shelf - Full Round 20"" X 5/8""","Gillespie Hollow Core Kiln Shelf - 20"" Full Round, 5/8"" Thick","20"" Diameter",Full Round,"5/8""",,"Gillespie Hollow Core Kiln Shelf 20"" x 5/8"" Full Round",Kiln Shelves; Kiln Shelves - Posts - Cones and Kiln Firing Accessories,"Missing from the ""Kiln Shelves and Posts"" collection until the Kiln Shelves tag is added.",ACTIVE,HAMMILL & GILLESPIE,HGKS20FR,gillespie-kiln-shelf-full-round-20-x-5-8,gid://shopify/Product/15210947445107,https://www.sheffield-pottery.com/products/gillespie-kiln-shelf-full-round-20-x-5-8
yes,"Gillespie Hollow Core Kiln Shelf - Half Round 20"" X 5/8""","Gillespie Hollow Core Kiln Shelf - 20"" Half Round, 5/8"" Thick","20"" Diameter",Half Round,"5/8""",,"Gillespie Hollow Core Kiln Shelf 20"" x 5/8"" Half Round",Kiln Shelves; Kiln Shelves - Posts - Cones and Kiln Firing Accessories,"Missing from the ""Kiln Shelves and Posts"" collection until the Kiln Shelves tag is added.",ACTIVE,HAMMILL & GILLESPIE,HGKS20HR,gillespie-kiln-shelf-half-round-20-x-5-8,gid://shopify/Product/15210948133235,https://www.sheffield-pottery.com/products/gillespie-kiln-shelf-half-round-20-x-5-8
yes,"Gillespie Hollow Core Kiln Shelf - Half Round 26"" X 5/8""","Gillespie Hollow Core Kiln Shelf - 26"" Half Round, 5/8"" Thick","26"" Diameter",Half Round,"5/8""",,"Gillespie Hollow Core Kiln Shelf 26"" x 5/8"" Half Round",Kiln Shelves; Kiln Shelves - Posts - Cones and Kiln Firing Accessories,"Missing from the ""Kiln Shelves and Posts"" collection until the Kiln Shelves tag is added.",ACTIVE,HAMMILL & GILLESPIE,HGKS26HR,gillespie-kiln-shelf-half-round-26-x-5-8,gid://shopify/Product/15210948723059,https://www.sheffield-pottery.com/products/gillespie-kiln-shelf-half-round-26-x-5-8
yes,"Gillespie Hollow Core Kiln Shelf - Octagon 15"" X 15"" X 5/8""","Gillespie Hollow Core Kiln Shelf - 15"" Full 8-Sided, 5/8"" Thick","15"" Diameter",Full 8-Sided,"5/8""",,"Gillespie Hollow Core Kiln Shelf 15"" x 5/8"" Full 8-Sided",Kiln Shelves; Kiln Shelves - Posts - Cones and Kiln Firing Accessories,"Missing from the ""Kiln Shelves and Posts"" collection until the Kiln Shelves tag is added.",ACTIVE,HAMMILL & GILLESPIE,HGKS15OCT,gillespie-kiln-shelf-octagon-15-x-15-x-5-8,gid://shopify/Product/15210949575027,https://www.sheffield-pottery.com/products/gillespie-kiln-shelf-octagon-15-x-15-x-5-8
yes,"Gillespie Hollow Core Kiln Shelf - Half Decagon  20-3/4"" X 3/4""","Gillespie Hollow Core Kiln Shelf - 20 3/4"" Half 10-Sided, 3/4"" Thick","20 3/4"" Diameter",Half 10-Sided,"3/4""",,"Gillespie Hollow Core Kiln Shelf 20 3/4"" x 3/4"" Half 10-Sided",Kiln Shelves; Kiln Shelves - Posts - Cones and Kiln Firing Accessories,"Missing from the ""Kiln Shelves and Posts"" collection until the Kiln Shelves tag is added.",ACTIVE,HAMMILL & GILLESPIE,HGKS20HD,gillespie-kiln-shelf-half-decagon-20-3-4-x-3-4,gid://shopify/Product/15210949247347,https://www.sheffield-pottery.com/products/gillespie-kiln-shelf-half-decagon-20-3-4-x-3-4
yes,"Gillespie Hollow Core Kiln Shelf - Half Dodecagon  26"" X 1""","Gillespie Hollow Core Kiln Shelf - 26"" Half 12-Sided, 1"" Thick","26"" Diameter",Half 12-Sided,"1""",,"Gillespie Hollow Core Kiln Shelf 26"" x 1"" Half 12-Sided",Kiln Shelves; Kiln Shelves - Posts - Cones and Kiln Firing Accessories,"Missing from the ""Kiln Shelves and Posts"" collection until the Kiln Shelves tag is added.",ACTIVE,HAMMILL & GILLESPIE,HGKS26HD,gillespie-kiln-shelf-half-dodecagon-26-x-1,gid://shopify/Product/15210948919667,https://www.sheffield-pottery.com/products/gillespie-kiln-shelf-half-dodecagon-26-x-1
yes,"Gillespie Hollow Core Kiln Shelf - Rectangle 22"" X 11"" X 1""","Gillespie Hollow Core Kiln Shelf - 11"" x 22"" Rectangle, 1"" Thick","11"" x 22""",Rectangle,"1""",,"Gillespie Hollow Core Kiln Shelf 11"" x 22"" x 1"" Rectangle",Kiln Shelves; Kiln Shelves - Posts - Cones and Kiln Firing Accessories,"Missing from the ""Kiln Shelves and Posts"" collection until the Kiln Shelves tag is added.",ACTIVE,HAMMILL & GILLESPIE,HGKS22111,gillespie-kiln-shelf-rectangle-22-x-11-x-1,gid://shopify/Product/15210948395379,https://www.sheffield-pottery.com/products/gillespie-kiln-shelf-rectangle-22-x-11-x-1
yes,"Gillespie Hollow Core Kiln Shelf - Square 24"" X 12"" X 1""","Gillespie Hollow Core Kiln Shelf - 12"" x 24"" Rectangle, 1"" Thick","12"" x 24""",Rectangle,"1""",,"Gillespie Hollow Core Kiln Shelf 12"" x 24"" x 1"" Rectangle",Kiln Shelves; Kiln Shelves - Posts - Cones and Kiln Firing Accessories,"Old title called this 24 x 12 shelf ""Square""; it is a rectangle. Missing from the ""Kiln Shelves and Posts"" collection until the Kiln Shelves tag is added.",ACTIVE,HAMMILL & GILLESPIE,HGKS24121,gillespie-hollow-core-kiln-shelf-square-24-x-12-x-1,gid://shopify/Product/15398169969011,https://www.sheffield-pottery.com/products/gillespie-hollow-core-kiln-shelf-square-24-x-12-x-1
yes,"Gillespie Hollow Core Kiln Shelf - Square 24"" X 24"" X 1""","Gillespie Hollow Core Kiln Shelf - 24"" x 24"" Square, 1"" Thick","24"" x 24""",Square,"1""",,"Gillespie Hollow Core Kiln Shelf 24"" x 24"" x 1"" Square",Kiln Shelves; Kiln Shelves - Posts - Cones and Kiln Firing Accessories,"Missing from the ""Kiln Shelves and Posts"" collection until the Kiln Shelves tag is added.",ACTIVE,HAMMILL & GILLESPIE,HGKS24241,gillespie-kiln-shelf-square-24-x-24-x-1,gid://shopify/Product/15210948559219,https://www.sheffield-pottery.com/products/gillespie-kiln-shelf-square-24-x-24-x-1
no,"olympic 21"" x 1/2 shelf",,"21"" Diameter",,,,,Kiln Shelves; Kiln Shelves - Posts - Cones and Kiln Firing Accessories; Olympic Kiln Shelves and Furniture Kits,"Only one dimension and no round/sided keyword: shape unknown. Title/description only say ""21"" x 1/2 shelf"": likely a 21"" HALF shelf (SKU OLHS21, $59), thickness and round vs 10-sided unknown. Fill in shelf_shape, shelf_thickness and new_title, then set approve=yes. Missing from the ""Kiln Shelves and Posts"" collection until the Kiln Shelves tag is added.",ACTIVE,Olympic Kilns,OLHS21,olympic-21-x-1-2-shelf-olhs21,gid://shopify/Product/8312933679426,https://www.sheffield-pottery.com/products/olympic-21-x-1-2-shelf-olhs21
yes,"15 1/2"" X 5/8"" Full Round Spectrum High Alumina Kiln Shelf","Spectrum High Alumina Kiln Shelf - 15 1/2"" Full Round, 5/8"" Thick","15 1/2"" Diameter",Full Round,"5/8""","15 1/2"" x 5/8"" FULL ROUND HIGH ALUMINA KILN SHELF","Spectrum High Alumina Kiln Shelf 15 1/2"" x 5/8"" Full Round",,,ACTIVE,Spectrum Kiln Shelves,SPHA04,kiln-shelf-spha04,gid://shopify/Product/8316331196738,https://www.sheffield-pottery.com/products/kiln-shelf-spha04
yes,"20"" X 3/4"" Full Round High Alumina Kiln Shelf","Spectrum High Alumina Kiln Shelf - 20"" Full Round, 3/4"" Thick","20"" Diameter",Full Round,"3/4""","20"" x 3/4"" FULL ROUND HIGH ALUMINA KILN SHELF","Spectrum High Alumina Kiln Shelf 20"" x 3/4"" Full Round",,,ACTIVE,Spectrum Kiln Shelves,SPHA13,kiln-shelf-spha13,gid://shopify/Product/8316332179778,https://www.sheffield-pottery.com/products/kiln-shelf-spha13
yes,"21"" X 3/4"" Full Round High Alumina Kiln Shelf","Spectrum High Alumina Kiln Shelf - 21"" Full Round, 3/4"" Thick","21"" Diameter",Full Round,"3/4""",KILN SHELF,"Spectrum High Alumina Kiln Shelf 21"" x 3/4"" Full Round",,,ACTIVE,Spectrum Kiln Shelves,SPHA02,kiln-shelf-spha02,gid://shopify/Product/8316330934594,https://www.sheffield-pottery.com/products/kiln-shelf-spha02
yes,"15 1/2"" X 5/8"" Half Round High Alumina Kiln Shelf","Spectrum High Alumina Kiln Shelf - 15 1/2"" Half Round, 5/8"" Thick","15 1/2"" Diameter",Half Round,"5/8""","15 1/2"" x 5/8"" HALF ROUND HIGH ALUMINA KILN SHELF","Spectrum High Alumina Kiln Shelf 15 1/2"" x 5/8"" Half Round",,,ACTIVE,Spectrum Kiln Shelves,SPHA05,kiln-shelf-spha05,gid://shopify/Product/8316331262274,https://www.sheffield-pottery.com/products/kiln-shelf-spha05
yes,"20"" X 3/4"" Half Round High Alumina Kiln Shelf","Spectrum High Alumina Kiln Shelf - 20"" Half Round, 3/4"" Thick","20"" Diameter",Half Round,"3/4""","20"" x 3/4"" HALF ROUND HIGH ALUMINA KILN SHELF","Spectrum High Alumina Kiln Shelf 20"" x 3/4"" Half Round",,"Vendor part no. #20H is shared with the 20"" Half 10-Sided shelf.",ACTIVE,Spectrum Kiln Shelves,SPHA14,kiln-shelf-spha14,gid://shopify/Product/8316332441922,https://www.sheffield-pottery.com/products/kiln-shelf-spha14
yes,"21"" X 3/4"" Half Round High Alumina Kiln Shelf","Spectrum High Alumina Kiln Shelf - 21"" Half Round, 3/4"" Thick","21"" Diameter",Half Round,"3/4""","21"" x 3/4"" HALF ROUND HIGH ALUMINA KILN SHELF","Spectrum High Alumina Kiln Shelf 21"" x 3/4"" Half Round",,,ACTIVE,Spectrum Kiln Shelves,SPHA03,kiln-shelf-spha03,gid://shopify/Product/8316331131202,https://www.sheffield-pottery.com/products/kiln-shelf-spha03
yes,"26 1/2"" X 1"" Half Round High Alumina Kiln Shelf","Spectrum High Alumina Kiln Shelf - 26 1/2"" Half Round, 1"" Thick","26 1/2"" Diameter",Half Round,"1""","27 1/2"" x 3/4"" HALF ROUND HIGH ALUMINA KILN SHELF","Spectrum High Alumina Kiln Shelf 26 1/2"" x 1"" Half Round",,"Old SEO title said 27 1/2"" and meta description says 28 1/2""; fix the meta description too.",ACTIVE,Spectrum Kiln Shelves,SPHA261,26-1-2-x-1-half-round-high-alumina-kiln-shelf,gid://shopify/Product/15042839904627,https://www.sheffield-pottery.com/products/26-1-2-x-1-half-round-high-alumina-kiln-shelf
yes,"26 1/2"" X 3/4"" Half Round High Alumina Kiln Shelf","Spectrum High Alumina Kiln Shelf - 26 1/2"" Half Round, 3/4"" Thick","26 1/2"" Diameter",Half Round,"3/4""","27 1/2"" x 3/4"" HALF ROUND HIGH ALUMINA KILN SHELF","Spectrum High Alumina Kiln Shelf 26 1/2"" x 3/4"" Half Round",,"Old SEO title said 27 1/2"" and meta description says 28 1/2""; fix the meta description too.",ACTIVE,Spectrum Kiln Shelves,SPHA01,kiln-shelf-spha01,gid://shopify/Product/8316330737986,https://www.sheffield-pottery.com/products/kiln-shelf-spha01
yes,"20"" X 3/4"" Half 10 Sided High Semi-Hollow Kiln Shelf","Spectrum High Alumina Semi-Hollow Kiln Shelf - 20"" Half 10-Sided, 3/4"" Thick","20"" Diameter",Half 10-Sided,"3/4""","20"" X 3/4"" 10 Sided High Semi-Hollow Half Shelf","Spectrum Semi-Hollow Kiln Shelf 20"" x 3/4"" Half 10-Sided",,,ACTIVE,Spectrum Kiln Shelves,SPHC4,20-x-3-4-10-sided-high-semi-hollow-half-shelf-sphc4,gid://shopify/Product/8316333424962,https://www.sheffield-pottery.com/products/20-x-3-4-10-sided-high-semi-hollow-half-shelf-sphc4
yes,"21"" X 10 1/2"" X 3/4""  Rectangle High Alumina Kiln Shelf","Spectrum High Alumina Kiln Shelf - 10 1/2"" x 21"" Rectangle, 3/4"" Thick","10 1/2"" x 21""",Rectangle,"3/4""","21"" x 10 1/2"" x 3/4""  RECTANGLE HIGH ALUMINA KILN SHELF","Spectrum High Alumina Kiln Shelf 10 1/2"" x 21"" x 3/4"" Rectangle",,Hidden options-app product (OPTIONS_HIDDEN_PRODUCT): no category tags added.,ACTIVE,Spectrum Kiln Shelves,SPHA06,21-x-10-1-2-x-3-4-rectangle-high-alumina-kiln-shelf,gid://shopify/Product/8304912957762,https://www.sheffield-pottery.com/products/21-x-10-1-2-x-3-4-rectangle-high-alumina-kiln-shelf
yes,"22"" X 11"" X 1"" Rectangle High Alumina Kiln Shelf","Spectrum High Alumina Kiln Shelf - 11"" x 22"" Rectangle, 1"" Thick","11"" x 22""",Rectangle,"1""","22"" x 11"" x 1"""" Rectangle HIGH ALUMINA KILN SHELF","Spectrum High Alumina Kiln Shelf 11"" x 22"" x 1"" Rectangle",,,ACTIVE,Spectrum Kiln Shelves,SPHA22111,kiln-shelf-spha22111,gid://shopify/Product/8316332998978,https://www.sheffield-pottery.com/products/kiln-shelf-spha22111
yes,"11 x22 x3/4"" Rectangle High Alumina Kiln Shelf","Spectrum High Alumina Kiln Shelf - 11"" x 22"" Rectangle, 3/4"" Thick","11"" x 22""",Rectangle,"3/4""","11 x22 x3/4"" Rectangle Kiln Shelf | High Alumina Kiln Sheves","Spectrum High Alumina Kiln Shelf 11"" x 22"" x 3/4"" Rectangle",,,ACTIVE,Spectrum Kiln Shelves,SPHA15,11-x22-x3-4-kiln-shelf-spha15,gid://shopify/Product/8316332605762,https://www.sheffield-pottery.com/products/11-x22-x3-4-kiln-shelf-spha15
yes,"24"" X 12"" X 3/4"" Rectangle High Alumina Kiln Shelf","Spectrum High Alumina Kiln Shelf - 12"" x 24"" Rectangle, 3/4"" Thick","12"" x 24""",Rectangle,"3/4""","24"" x 12"" x 3/4"" RECTANGLE HIGH ALUMINA KILN SHELF","Spectrum High Alumina Kiln Shelf 12"" x 24"" x 3/4"" Rectangle",,,ACTIVE,Spectrum Kiln Shelves,SPHA07,kiln-shelf-spha07,gid://shopify/Product/8316331360578,https://www.sheffield-pottery.com/products/kiln-shelf-spha07
yes,"26"" X 13"" X 3/4"" Rectangle High Alumina Kiln Shelf","Spectrum High Alumina Kiln Shelf - 13"" x 26"" Rectangle, 3/4"" Thick","13"" x 26""",Rectangle,"3/4""","26"" x 13"" x 3/4"" RECTANGLE HIGH ALUMI","Spectrum High Alumina Kiln Shelf 13"" x 26"" x 3/4"" Rectangle",,"Description says 26"" x 13"" x 1""; title and SKU say 3/4"" (the 1"" version is archived). Fix the description.",ACTIVE,Spectrum Kiln Shelves,SPHA09,kiln-shelf-spha09,gid://shopify/Product/8316331786562,https://www.sheffield-pottery.com/products/kiln-shelf-spha09
yes,"14"" X 18 X 5/8"""" Rectangle High Alumina Kiln Shelf","Spectrum High Alumina Kiln Shelf - 14"" x 18"" Rectangle, 5/8"" Thick","14"" x 18""",Rectangle,"5/8""","14"" x 18 x 5/8"""" Rectangle HIGH ALUMINA KILN SHELF","Spectrum High Alumina Kiln Shelf 14"" x 18"" x 5/8"" Rectangle",,Hidden options-app product (OPTIONS_HIDDEN_PRODUCT): no category tags added. Draft: not visible on the storefront.,DRAFT,Spectrum Kiln Shelves,SPHA141858,14-x-18-x-5-8-rectangle-high-alumina-kiln-shelf,gid://shopify/Product/8304913056066,
yes,"28"" X 14"" X 1"" Rectangle High Alumina Kiln Shelf","Spectrum High Alumina Kiln Shelf - 14"" x 28"" Rectangle, 1"" Thick","14"" x 28""",Rectangle,"1""","28"" x 14"" x 1"" RECTANGLE HIGH ALUMINA KILN SHELF","Spectrum High Alumina Kiln Shelf 14"" x 28"" x 1"" Rectangle",,,ACTIVE,Spectrum Kiln Shelves,SPHA10,kiln-shelf-spha10,gid://shopify/Product/8316332015938,https://www.sheffield-pottery.com/products/kiln-shelf-spha10
yes,"16"" X 16"" X 5/8"" Square High Alumina Kiln Shelf","Spectrum High Alumina Kiln Shelf - 16"" x 16"" Square, 5/8"" Thick","16"" x 16""",Square,"5/8""","16"" x 16"" x 5/8"" RECTANGLE HIGH ALUMINA KILN SHELF","Spectrum High Alumina Kiln Shelf 16"" x 16"" x 5/8"" Square",,Draft: not visible on the storefront.,DRAFT,Spectrum Kiln Shelves,SPHA17,kiln-shelf-spha17,gid://shopify/Product/8316332769602,
